Accession,Gene Symbol,CLIP-seq p-value,CLIP-seq FDR,RNA-seq reads (for normalization),CLIP-seq reads (35L33G),"CLIP-seq enrichment (35L33G, log2)",CLIP-seq reads (2J3),"CLIP-seq enrichment (2J3, log2)",CLIP-seq reads (polyclonal),"CLIP-seq enrichment (polyclonal, log2)",Ribosome density change (log2),Ribosome occupancy change (log2),RPF  reads (siLuc),RNA-seq short tag alignment reads (siLuc),RPF  reads (siLin28a),RNA-seq short tag alignment reads (siLin28a),"RNA-seq reads (untreated, RPKM)","RNA-seq reads (siLuc, RPKM)","RNA-seq reads (siLin28a, RPKM)",RNA-seq mRNA change upon Lin28a KD (log2),Description,mean_CLIP_enrichment,candidate_group,is_ER_or_protein_folding,is_membrane_or_transmembrane,is_secretory_or_extracellular,is_Golgi_or_trafficking,is_lysosome_or_endosome,is_receptor_or_signaling,is_transporter_or_channel,is_adhesion_or_ECM,is_other_or_unclear
NM_173734,Tmem87a,0.0011093708637951,0.0455018846325538,479.0,1807.0,1.91328836680666,1929.0,2.00749453654692,1935.0,2.01197264166607,1.38618149224159,0.898551240973815,60.4582300044775,21.6664460560714,112.705810022589,15.4524144362665,19.8356163986,14.1557863171,19.8356163986,-0.483800596099,transmembrane protein 87A isoform 1,1.977585181673217,A_and_B_overlap,False,True,False,False,False,False,False,False,False
NM_010685,Lamp2,0.0011466680404945,0.0464761711688645,666.0,2323.0,1.80085140221994,2742.0,2.03999595566369,2796.0,2.0681215872916,1.38196731777736,1.16396522874379,113.782459414786,22.5125781510259,254.955135685335,19.3553070607426,22.8715261005,19.9369388712,22.8715261005,-0.19718458586,lysosome-associated membrane glycoprotein 2 isoform 2 precursor,1.96965631505841,A_and_B_overlap,False,True,True,False,True,False,False,False,False
NM_028339,Tmx1,8.98906521948905e-05,0.0105161848221181,361.0,2402.0,2.73077504604666,2403.0,2.73137529362798,2531.0,2.80621580234513,1.37309461100026,1.06510401662595,47.8038819670038,22.997062979381,100.02105311965,18.5762465820896,24.8523796328,19.205668692,24.8523796328,-0.370152881681,thioredoxin-related transmembrane protein 1 precursor,2.756122047339923,A_and_B_overlap,True,True,False,False,False,False,False,False,False
NM_133718,Tmem30a,0.0012458686053039,0.0495220744849584,486.0,1860.0,1.9340843779768,1780.0,1.87069383901927,2046.0,2.07151742494106,1.18081353289414,1.04928622395458,28.9504863978538,23.1469459900353,59.9131966926138,21.1300260779639,16.1189295766,18.6024570968,16.1189295766,0.205549214242,cell cycle control protein 50A,1.9587652139790432,A_and_B_overlap,False,False,False,False,False,False,False,False,True
NM_001110013,Tmtc3,0.0007933403246556,0.0386559922092962,474.0,1875.0,1.98166040929706,2012.0,2.08334775370302,2068.0,2.12293422664169,1.16203010742078,1.07527793215564,20.6261928977377,17.3947072763295,43.4620278986475,16.37955571998,7.77196999652,6.67387473061,7.77196999652,-0.216743414659,transmembrane and TPR repeat-containing protein 3 isoform 1,2.062647463213924,A_and_B_overlap,False,True,False,False,False,False,False,False,False
NM_007399,Adam10,0.0002238450267781,0.0192040379223456,397.0,2053.0,2.36759584577454,2007.0,2.33491893340712,2295.0,2.52828230613203,1.13797161006331,0.944363683087741,36.990842457862,18.8633051991121,71.1829558212144,16.4943800901397,17.4034346668,15.7213134091,17.4034346668,-0.145768676865,disintegrin and metalloproteinase domain-containing protein 10 precursor,2.410265695104564,A_and_B_overlap,False,False,False,False,False,True,False,True,False
NM_026210,Fam18b,0.0010859471951421,0.0450799450564029,555.0,2017.0,1.85976938638284,2176.0,1.96918461946469,2426.0,2.12601732042762,1.04629294715167,0.629205066081922,57.4435717433871,47.5903160021358,88.848691064052,35.6420459299559,42.7808169205,31.3269392233,42.7808169205,-0.448330620785,protein FAM18B1,1.9849904420917168,A_and_B_overlap,False,False,False,False,False,False,False,False,True
NM_009579,Slc30a1,9.53607747505858e-05,0.0110307772590705,753.0,4822.0,2.67729438149323,4852.0,2.68624043149553,5290.0,2.81090398913867,1.01783027454558,0.640171519523527,27.7192602991162,27.6750369705283,43.2008673701874,21.3010786700236,17.2399857081,13.4162720557,17.2399857081,-0.359405414974,zinc transporter 1,2.7248129340424767,A_and_B_overlap,False,False,False,False,False,False,True,False,False
NM_010560,Il6st,0.0012379352921698,0.049403262930768,1401.0,5258.0,1.90730214747007,5565.0,1.98915455932098,5435.0,1.95505910675676,1.01668518314567,0.830245725845778,96.6994625243403,34.0348689959125,171.930500502295,29.9088844070875,33.1741296969,29.9790215217,33.1741296969,-0.145643295613,interleukin-6 receptor subunit beta precursor,1.9505052711826036,A_and_B_overlap,False,False,False,False,False,True,False,False,False
NM_008514,Lrp6,0.0002627578761302,0.0208084025750865,1455.0,7210.0,2.30818898645402,7561.0,2.37675749378853,8070.0,2.47073707951068,1.01432058972332,1.10985875520804,14.9576639713419,21.7531963459052,32.2823059168596,23.2425050172082,17.3540489565,18.7958990061,17.3540489565,0.114511410162,low-density lipoprotein receptor-related protein 6 precursor,2.385227853251077,A_and_B_overlap,False,False,False,False,False,True,False,False,False
NM_027439,Atp6ap2,0.0005977796414369,0.0330867817666297,629.0,2459.0,1.96523458183932,2876.0,2.191141487352,3032.0,2.26732176423689,1.01336926755209,0.836623206456038,131.583431326203,47.6862175492181,234.990273971974,42.1878127505332,35.4777965975,35.3466288223,35.4777965975,-0.00532873903085,renin receptor precursor,2.141232611142737,A_and_B_overlap,False,False,False,False,False,True,False,False,False
NM_010578,Itgb1,0.000787609694866,0.0386559922092962,740.0,3071.0,2.05163276841532,3331.0,2.16884295305971,2991.0,2.0135647275818,0.979444222912698,0.625771317621176,104.61274605606,31.8716671073859,161.421188058109,24.9424222724562,25.1029638123,21.2480454771,25.1029638123,-0.239489411647,integrin beta-1 precursor,2.078013483018943,A_and_B_overlap,False,False,False,False,False,False,False,True,False
NM_025813,Mfsd1,0.000167867562873,0.0158550143098869,929.0,5320.0,2.51639478218756,5119.0,2.46084118889196,5474.0,2.5575563433805,0.961315607317394,0.675863286778837,67.0672860356065,37.1952496883901,107.143506306024,30.5181193848615,34.5446136752,25.3796469212,34.5446136752,-0.443285782833,major facilitator superfamily domain-containing,2.51159743815334,A_and_B_overlap,False,False,False,False,False,False,False,False,True
NM_026400,Dnajb11,0.0001111991563289,0.0121555338250289,583.0,4008.0,2.77920214327075,4049.0,2.79388163377933,3408.0,2.54530832525992,0.938011787360047,0.428637447153963,131.737957127934,84.0334381638818,177.314255695559,59.035762553536,44.8208174992,33.7295226703,44.8208174992,-0.409101362056,dnaJ homolog subfamily B member 11 precursor,2.70613070077,A_and_B_overlap,True,False,False,False,False,False,False,False,False
NM_177730,Impad1,0.0002163453603646,0.0187166007138983,694.0,3465.0,2.3181867715493,3797.0,2.45015502253862,3981.0,2.51840833810963,0.879575752796493,0.849454605418919,23.2802986014907,24.000536263517,41.9468992189336,23.5046385324399,20.7144730888,17.2908778704,20.7144730888,-0.25925627764,inositol monophosphatase 3,2.428916710732517,A_and_B_overlap,False,False,False,False,False,False,False,False,True
NM_021495,Pvrl3,7.28668170081325e-05,0.0088254574246908,390.0,2690.0,2.78290187833306,3051.0,2.96451444952717,2916.0,2.89924487359082,0.867099929565111,0.524844920464172,25.8326658845269,22.896816041944,37.1674949442915,18.0611779268589,21.8714374733,17.4556819684,21.8714374733,-0.323691220379,poliovirus receptor-related protein 3 isoform alpha,2.8822204004836838,A_and_B_overlap,False,False,False,False,False,True,False,False,False
NM_029478,Tmem49,0.0008847871238,0.0406646582121484,620.0,2623.0,2.0791025463976,2478.0,1.99709309786624,2557.0,2.04235109066115,0.864792549158629,0.257457985249214,99.9622846092512,50.2312120660165,119.491977775016,32.972185656302,23.9282259332,17.5699138548,23.9282259332,-0.44343512804,vacuole membrane protein 1,2.0395155783083303,A_and_B_overlap,False,True,False,False,False,False,False,False,False
NM_011631,Hsp90b1,0.0003853946884734,0.0251809901234001,7119.0,31508.0,2.14581482201705,35048.0,2.29942413628759,36238.0,2.34759399906477,0.853481236367716,0.510342522664603,2013.96616560351,432.417110658615,2868.6699068583,340.884947981408,454.955280023,366.727544283,454.955280023,-0.310939842423,endoplasmin precursor,2.2642776524564696,A_and_B_overlap,False,False,False,False,False,False,False,False,True
NM_026417,Yipf4,0.0001479529133456,0.0143695777631491,405.0,2381.0,2.55262178067893,2466.0,2.60320608311494,2362.0,2.54106799678867,0.844764851595955,0.800666041478242,65.8540268536906,41.4654966884742,114.711466366055,40.2171978128438,25.3997330687,24.7447717377,25.3997330687,-0.0375398578956,protein YIPF4,2.565631953527513,A_and_B_overlap,False,False,False,False,False,False,False,False,True
NM_177389,Mia3,0.0005070921053189,0.0296620069560154,1465.0,6458.0,2.13942571675457,6516.0,2.15232289148258,7055.0,2.2669654574237,0.840634456841238,0.747694457319364,70.758640837718,37.6961574812707,118.811352967122,35.3442976110963,36.0586359536,33.5281155818,36.0586359536,-0.104672317782,melanoma inhibitory activity protein 3 precursor,2.18623802188695,A_and_B_overlap,False,False,False,False,False,False,False,False,True
NM_053262,Hsd17b11,0.0005358655131925,0.0309928958332411,498.0,2082.0,2.06155111870338,2002.0,2.00505070047544,2758.0,2.46703373601601,0.838506966340229,0.561925637664377,78.6235636380781,40.1186221555378,116.067116902333,33.1197258250789,35.8258671886,31.0049322457,35.8258671886,-0.207879617573,estradiol 17-beta-dehydrogenase 11,2.177878518398277,A_and_B_overlap,False,False,False,False,False,False,False,False,True
NM_030201,Hspa13,0.0006435564535183,0.034870598363006,303.0,1365.0,2.1678142548465,1241.0,2.03052194477689,1329.0,2.12928301694496,0.79706981610956,0.613234330227184,52.7407273190128,17.2241925009797,80.6766845570931,15.1634797312033,10.4651453314,9.19406452405,10.4651453314,-0.184931046847,heat shock 70 kDa protein 13 precursor,2.1092064055227837,A_and_B_overlap,True,False,False,False,False,False,False,False,False
NM_133819,Ppp1r15b,0.0003730136112088,0.0249531475400562,2635.0,11948.0,2.18046761007729,12479.0,2.24319565874155,13992.0,2.40828302379418,0.792021243604485,0.69186793853985,46.2103921380593,68.4564639424577,74.6470512174948,63.8653524594278,60.0652041733,50.8790450411,60.0652041733,-0.239025014231,protein phosphatase 1 regulatory subunit 15B,2.277315430871006,A_and_B_overlap,False,False,False,False,False,False,False,False,True
NM_019760,Serinc1,0.0003571610053519,0.0245131503339916,769.0,3382.0,2.13537282621172,3980.0,2.37020052050908,3945.0,2.35746060514129,0.735326971282055,0.781945170589771,95.9773896308596,32.5663254430288,165.028094548262,33.6358366663977,28.1315852929,25.4021747233,28.1315852929,-0.14668986337,serine incorporator 1 precursor,2.2876779839540298,A_and_B_overlap,False,False,False,False,False,False,False,False,True
NM_029572,Erp44,0.0007886429037868,0.0386559922092962,372.0,1511.0,2.01921060396583,1598.0,2.09992240322509,1579.0,2.08267702280922,0.706890101902748,0.478564209824458,91.7941601859272,32.4103921907436,127.901970345692,27.6663167001155,20.0133568153,18.7208972686,20.0133568153,-0.0958184712427,endoplasmic reticulum resident protein 44 precursor,2.0672700100000463,A_and_B_overlap,True,False,False,False,False,False,False,False,False
NM_001025192,Cxadr,0.000851842575722,0.0400512671566308,357.0,1527.0,2.09361305077149,1488.0,2.05631226131784,1441.0,2.01003967197656,0.703920880639591,0.725851171906175,58.8240987613624,15.0261840076049,97.2877719043136,15.2563406867835,8.76864256637,9.13601841974,8.76864256637,0.0585577476853,coxsackievirus and adenovirus receptor homolog isoform a,2.0533216613552967,A_and_B_overlap,False,False,False,False,False,True,False,False,False
NM_178736,Elmod2,0.0012726868496345,0.0497843406844549,180.0,740.0,2.03348384522262,702.0,1.95753499198933,675.0,1.90103354919897,0.7029847233062,0.658028534765685,22.7497611843819,15.5883881711547,35.897414433618,15.1101247708542,7.27260447191,7.25134890233,7.27260447191,-0.00416536582895,ELMO domain-containing protein 2,1.9640174621369733,A_and_B_overlap,False,False,False,False,False,False,False,False,True
NM_007597,Canx,0.0001308345513789,0.0133360564994699,8071.0,48342.0,2.58230892500763,49695.0,2.62213165528094,49965.0,2.62994864900026,0.680820523073022,0.411638341806769,1724.58643097722,423.024159704109,2294.0371835342,351.021130515712,259.162049951,221.026958953,259.162049951,-0.229536120268,calnexin precursor,2.61146307642961,A_and_B_overlap,True,False,False,False,False,False,False,False,False
NM_001039644,Edem3,0.000235773229005,0.0194467308881659,1124.0,5780.0,2.36139407091247,5844.0,2.37727802331461,6304.0,2.48657136911118,0.626335409647988,0.434835581861904,48.791209504605,25.7413476920725,65.9538477633319,22.5415662320563,24.7335977328,20.7927235586,24.7335977328,-0.249292711859,ER degradation-enhancing alpha-mannosidase-like,2.40841448777942,A_and_B_overlap,False,False,False,False,False,False,False,False,True
NM_008477,Ktn1,7.16670115704642e-05,0.0087954371177507,1214.0,8873.0,2.86862823932708,9016.0,2.8916912077837,9583.0,2.97967159429564,0.605196674412884,0.109733550849733,22.5598014083271,50.9254023675759,24.3426784623932,36.1231161180735,48.7082393136,36.906964373,48.7082393136,-0.399327911204,kinectin,2.913330347135473,A_and_B_overlap,False,False,False,False,False,False,False,False,True
NM_007594,Calu,0.0007747206013085,0.0385301864273994,1854.0,7642.0,2.04271984350789,7686.0,2.05100148161772,8039.0,2.11577631455812,0.591466885983573,0.526489312653493,319.492629573053,98.2428780761389,460.203502127047,93.9162791994366,76.039428674,70.6013936801,76.039428674,-0.106905090407,calumenin isoform 1,2.069832546561244,A_and_B_overlap,False,False,True,False,False,False,False,False,False
NM_011149,Ppib,0.000960968976866,0.0424599811881367,1447.0,6577.0,2.18358740575219,5616.0,1.9557382004954,5593.0,1.94981865139298,0.584776916170851,0.352450591728614,655.656888953967,274.556772304854,837.095155933724,233.719510568535,61.3140688542,44.1363916612,61.3140688542,-0.473335478329,peptidyl-prolyl cis-trans isomerase B precursor,2.0297147525468566,A_and_B_overlap,False,False,False,False,False,False,False,False,True
NM_011479,Sptlc2,0.0005764093816487,0.0323131534851468,903.0,3978.0,2.13801122127855,3578.0,1.98516186600119,4565.0,2.33653618180951,0.568933266317062,0.211543224748804,54.8145212526009,59.5294485081568,63.4711666969319,46.4672249062106,32.8560496829,26.012507519,32.8560496829,-0.335802319773,serine palmitoyltransferase 2,2.15323642302975,A_and_B_overlap,False,False,False,False,False,False,False,False,True
NM_026482,Atp2b1,0.0005169465123946,0.0300675951700727,1044.0,4842.0,2.21239806063337,4549.0,2.12236360300517,4788.0,2.19622149326775,0.558753930124551,0.578018845938311,40.1923582734992,28.8201171242966,59.9990673676442,29.2075453016744,19.6255053489,19.901232554,19.6255053489,0.0200266460361,plasma membrane calcium ATPase 1,2.17699438563543,A_and_B_overlap,False,True,False,False,False,False,True,False,False
NM_026009,Ccdc47,0.0012851194144085,0.0497843406844549,1137.0,4047.0,1.83070873238772,4348.0,1.93418315115748,4809.0,2.07953633635082,0.54656558983839,0.205978479447316,90.5189957399699,69.4117373538508,104.410801072362,54.8158279824206,44.2509236217,33.8310998969,44.2509236217,-0.386355952781,coiled-coil domain-containing protein 47 precursor,1.94814273996534,A_and_B_overlap,False,False,False,False,False,False,False,False,True
NM_025382,Tmem57,0.0004813432907387,0.0289817741017092,981.0,4176.0,2.08867221384809,4840.0,2.30151016454616,4642.0,2.24126235125196,0.489617135326778,0.0492594749341819,27.9118527443136,37.4549372533466,28.8813337178582,27.602486697635,30.9602230521,22.9228100987,30.9602230521,-0.43200425469,macoilin,2.210481576548737,A_and_B_overlap,False,False,False,False,False,False,False,False,True
NM_026614,Ndufa5,0.0004713937283641,0.0287159670621819,405.0,1952.0,2.26614031670161,1678.0,2.04805059775185,2041.0,2.33043123369262,0.48818278534369,0.400967945839202,259.107733665481,97.7567459758971,342.124168330379,92.0221665621006,69.9339801735,69.2140350698,69.9339801735,-0.0149075746913,NADH dehydrogenase [ubiquinone] 1 alpha subcomplex subunit 5,2.214874049382027,A_and_B_overlap,False,False,False,False,False,False,False,False,True
NM_026168,Ergic2,0.0001552951421733,0.0149417148474297,586.0,3137.0,2.41841294385804,3327.0,2.50322302503104,3696.0,2.65492263507719,0.476612495895705,0.656809527476523,30.1535296171689,30.4688978456483,47.5398191147914,34.5224378445211,18.3920958762,21.2443993792,18.3920958762,0.206948818769,endoplasmic reticulum-Golgi intermediate compartment protein 2 isoform 1,2.525519534655424,A_and_B_overlap,True,False,False,True,False,False,False,False,False
NM_018794,Atp6ap1,0.0001937636532304,0.017741320568628,499.0,2482.0,2.31208426151475,2833.0,2.50283975825593,2954.0,2.5631581304028,0.457352815225601,0.933118630957137,94.7618533806802,19.4106983441568,180.938190855003,26.9936083145989,19.9228072061,24.5401712306,19.9228072061,0.299368026899,V-type proton ATPase subunit S1 precursor,2.4593607167244933,A_and_B_overlap,False,False,False,False,False,False,True,False,False
NM_001039089,Sel1l,0.0012380808000134,0.049403262930768,823.0,3139.0,1.93004831659577,3024.0,1.8762188998661,3457.0,2.06922162645906,0.448968377771856,0.761536065930201,99.0163193236351,21.009236662532,167.861839175237,26.0917088133888,18.431380698,19.3504021099,18.431380698,0.0698296064979,protein sel-1 homolog 1 isoform a,1.9584962809736437,A_and_B_overlap,False,False,False,False,False,False,False,False,True
NM_023403,Mesdc2,0.0010417819622386,0.0441364004166558,838.0,3467.0,2.04736118278201,3336.0,1.99180897074249,3293.0,1.97309783928653,0.437658075436757,0.646803167960028,241.152853113309,66.4200887292681,377.571807813921,76.7818192059704,21.6209895514,23.7783251747,21.6209895514,0.136611819496,LDLR chaperone MESD precursor,2.0040893309370102,A_and_B_overlap,True,False,False,False,False,False,False,False,False
NM_008255,Hmgcr,0.0010313802746476,0.0440583399481232,2716.0,10514.0,1.95236237939716,10598.0,1.96384168438983,11487.0,2.08004118360107,0.420757440641198,0.106558088034932,144.846452447338,80.5567968034028,155.949879596157,64.7916081167659,75.0753688607,60.4930974847,75.0753688607,-0.311106584443,3-hydroxy-3-methylglutaryl-coenzyme A reductase,1.99874841579602,A_and_B_overlap,False,False,False,False,False,False,False,False,True
NM_025448,Ssr2,0.0003492803834739,0.024461507128327,2513.0,12521.0,2.31640845146048,12376.0,2.29960511431666,12147.0,2.27266225874695,0.396727469728027,0.527526510531557,1123.84376265077,270.734057320386,1619.97101005294,296.426704970254,214.629867398,228.363276861,214.629867398,0.0894394116481,translocon-associated protein subunit beta precursor,2.296225274841363,A_and_B_overlap,True,False,False,False,False,False,False,False,False
NM_028817,Acsl3,0.0002099463600144,0.0184734852679407,1313.0,6684.0,2.34696228465838,7097.0,2.43344729873861,7533.0,2.51945075762506,0.375121296835697,-0.0381446515808384,71.3584742153877,71.9658437105468,69.4964900790432,54.0407010918779,56.5246568936,40.9042345435,56.5246568936,-0.46565749763,long-chain-fatty-acid--CoA ligase 3 isoform a,2.4332867803406835,A_and_B_overlap,False,False,False,False,False,False,False,False,True
NM_029103,Manf,0.0003388266342663,0.0238919191765189,1010.0,4131.0,2.03105725696204,5603.0,2.4706739585278,5405.0,2.41877851463168,0.366731531851804,0.181703505984002,457.328532527063,207.894877722609,518.712248563613,182.870984582077,68.2221980987,62.7653249381,68.2221980987,-0.120089911664,mesencephalic astrocyte-derived neurotrophic factor precursor,2.3068365767071737,A_and_B_overlap,False,False,False,False,False,False,False,False,True
NM_133815,Lbr,0.0011012451763112,0.0453492763604981,4111.0,16602.0,2.01353177639028,15934.0,1.95428684947133,16746.0,2.02599050964188,0.363356118901452,0.132760083861141,355.872966468657,129.026583847286,390.175293723631,109.967126148332,117.506077902,95.6938168364,117.506077902,-0.295958177787,lamin-B receptor,1.9979363785011632,A_and_B_overlap,False,False,False,False,False,True,False,False,False
NM_172700,Zmpste24,0.000212865041977,0.0185715729419798,486.0,2547.0,2.38737160017395,2401.0,2.30224247362329,2872.0,2.56056431545018,0.344085143553899,0.235345759038247,62.3579426825645,25.3680086785313,73.4070736331338,23.5262420605028,16.4587566752,14.8115104945,16.4587566752,-0.151167945211,CAAX prenyl protease 1 homolog,2.41672612974914,A_and_B_overlap,False,False,False,False,False,False,False,False,True
NM_016783,Pgrmc1,2.2809169476945e-05,0.0041563034227328,899.0,14387.0,3.99879725291834,14928.0,4.05204871995635,14839.0,4.04342228029112,0.314689645308033,0.243639780839327,225.141867342478,90.2771001912093,266.562557179366,85.9388346342335,60.7014740423,52.109387561,60.7014740423,-0.219797064771,membrane-associated progesterone receptor,4.03142275105527,A_and_B_overlap,False,True,False,False,False,True,False,False,False
NM_001081363,Cenpf,0.0011356793190732,0.0462127216990463,4915.0,18095.0,1.88011401361715,19450.0,1.98428750703375,20411.0,2.05386072601187,0.281378049455291,-0.0258171770364289,44.8304936244584,70.3060405515208,44.0353828158024,56.8221500479236,68.1149378473,55.7407135268,68.1149378473,-0.288770321899,centromere protein F,1.9727540822209235,A_only,False,False,False,False,False,False,False,False,True
NM_207625,Acsl4,0.0007993584238846,0.0386559922092962,771.0,2896.0,1.90788693200232,3456.0,2.16284785099431,3356.0,2.12049978442947,0.24438123725531,-0.273497732563162,31.0720052822987,28.0419644269915,25.7062224145993,19.584447765969,19.4076763398,14.1962037061,19.4076763398,-0.448409844767,long-chain-fatty-acid--CoA ligase 4 isoform 1,2.0637448558087,A_only,False,False,False,False,False,False,False,False,True
NM_001199136,Macf1,0.0002873236735239,0.0214347624560046,5420.0,26712.0,2.30091109471474,27632.0,2.34976128602336,28905.0,2.41473807106353,0.179715403390843,0.582249696872397,5.21876188062238,30.4362201044884,7.81343682840985,40.2314432629454,32.8817734651,43.8709723157,32.8817734651,0.414882458633,microtubule-actin cross-linking factor 1 isoform 1,2.3551368172672102,A_only,False,False,False,False,False,False,False,False,True
NM_026061,Ndufb8,0.0009954155533208,0.0432862225701236,1170.0,4945.0,2.07852116388872,4449.0,1.9260642602399,4880.0,2.05943567589246,0.145867847028972,0.45109856353339,430.685524127579,167.293378564092,588.78193085485,206.710412334255,150.889479898,194.568458075,150.889479898,0.366571110504,"NADH dehydrogenase [ubiquinone] 1 beta subcomplex subunit 8, mitochondrial precursor",2.021340366673693,A_only,False,False,False,False,False,False,False,False,True
NM_025520,Lsm5,0.0012829700006496,0.0497843406844549,33.0,73.0,1.12199052437861,129.0,1.93490497177811,282.0,3.05719540158154,0.0608825137303116,-0.148784936716642,117.438984575563,88.8007708010867,105.931118679698,76.7892708576791,4.27229222283,4.15590793791,4.27229222283,-0.0389228836016,U6 snRNA-associated Sm-like protein LSm5,2.0380302992460866,A_only,False,False,False,False,False,False,False,False,True
NM_025595,Mrpl51,0.0011159889692009,0.0455916922139834,325.0,1436.0,2.14011619222625,1114.0,1.77409984057658,1360.0,2.06172319727291,0.0607526301217045,0.0476807156246155,197.882538112671,158.790351659738,204.531779912474,157.358088779677,17.4836156733,17.1791243968,17.4836156733,-0.0252016464698,"39S ribosomal protein L51, mitochondrial precursor",1.99197974335858,A_only,False,False,False,False,False,False,False,False,True
NM_011668,Ube3a,0.0010774158283899,0.0449068662075887,1193.0,4413.0,1.8862837930148,4777.0,2.00060401719152,4983.0,2.06150123175919,0.0140919792982419,-0.609977013218377,10.4961805520154,33.0804069928318,6.87717245518223,21.4638368228925,21.3642900304,16.1969112456,21.3642900304,-0.397339897568,ubiquitin-protein ligase E3A isoform 2,1.9827963473218364,A_only,False,False,False,False,False,False,False,False,True
NM_001081422,Bod1l,0.0006983350038793,0.0361914835438685,1430.0,5779.0,2.01404582066137,6428.0,2.16757067867103,6240.0,2.12475353962753,0.0004602782709626,-0.253453643347553,8.78173083744331,20.1822465456292,7.36686943091064,16.9251996554068,20.6649181678,17.365732819,20.6649181678,-0.249621010355,biorientation of chromosomes in cell division,2.1021233463199764,A_only,False,False,False,False,False,False,False,False,True
